10,224,55,Sample Text,Sample Text,Black
40,240,79,Sample Text,Sample Text,Black
105,185,231,Sample Text,Sample Text,
55,55,50,Sample Text,Sample Text,
194,64,126,Sample Text,Sample Text,
174,204,168,Sample Text,Sample Text,Black
253,163,225,Sample Text,Sample Text,Black
179,173,108,Sample Text,Sample Text,
106,60,50,Sample Text,Sample Text,
55,96,243,Sample Text,Sample Text,
232,51,106,Sample Text,Sample Text,
65,232,109,Sample Text,Sample Text,Black
22,92,147,Sample Text,Sample Text,
143,49,161,Sample Text,Sample Text,
159,58,234,Sample Text,Sample Text,
251,88,26,Sample Text,Sample Text,
203,0,28,Sample Text,Sample Text,
78,57,233,Sample Text,Sample Text,
43,89,27,Sample Text,Sample Text,
170,55,184,Sample Text,Sample Text,
123,163,204,Sample Text,Sample Text,Black
216,21,60,Sample Text,Sample Text,
235,117,243,Sample Text,Sample Text,
34,90,28,Sample Text,Sample Text,
23,182,54,Sample Text,Sample Text,
244,100,209,Sample Text,Sample Text,
152,245,110,Sample Text,Sample Text,Black
143,47,248,Sample Text,Sample Text,
228,172,224,Sample Text,Sample Text,Black
1,218,187,Sample Text,Sample Text,Black
33,70,161,Sample Text,Sample Text,
24,83,82,Sample Text,Sample Text,
232,77,203,Sample Text,Sample Text,
137,196,109,Sample Text,Sample Text,
212,224,93,Sample Text,Sample Text,Black
210,175,47,Sample Text,Sample Text,
34,239,53,Sample Text,Sample Text,Black
13,170,118,Sample Text,Sample Text,
60,113,118,Sample Text,Sample Text,
46,154,44,Sample Text,Sample Text,
94,138,178,Sample Text,Sample Text,
233,162,131,Sample Text,Sample Text,
146,130,158,Sample Text,Sample Text,
182,165,10,Sample Text,Sample Text,
109,197,145,Sample Text,Sample Text,
182,66,143,Sample Text,Sample Text,
141,0,57,Sample Text,Sample Text,
129,39,31,Sample Text,Sample Text,
116,227,115,Sample Text,Sample Text,Black
47,123,53,Sample Text,Sample Text,
185,47,44,Sample Text,Sample Text,
53,142,118,Sample Text,Sample Text,
81,208,2,Sample Text,Sample Text,Black
101,252,190,Sample Text,Sample Text,Black
97,254,231,Sample Text,Sample Text,Black
186,124,27,Sample Text,Sample Text,
13,0,238,Sample Text,Sample Text,
61,215,56,Sample Text,Sample Text,Black
22,176,238,Sample Text,Sample Text,
149,218,131,Sample Text,Sample Text,
223,120,139,Sample Text,Sample Text,
202,182,214,Sample Text,Sample Text,Black
200,147,20,Sample Text,Sample Text,
186,170,207,Sample Text,Sample Text,Black
71,121,1,Sample Text,Sample Text,
44,222,185,Sample Text,Sample Text,
12,132,230,Sample Text,Sample Text,
133,144,198,Sample Text,Sample Text,
90,29,99,Sample Text,Sample Text,
211,50,234,Sample Text,Sample Text,
96,97,10,Sample Text,Sample Text,
110,193,64,Sample Text,Sample Text,
241,165,185,Sample Text,Sample Text,Black
122,176,162,Sample Text,Sample Text,
102,37,37,Sample Text,Sample Text,
48,120,141,Sample Text,Sample Text,
90,13,165,Sample Text,Sample Text,
148,100,67,Sample Text,Sample Text,
252,126,238,Sample Text,Sample Text,
42,65,125,Sample Text,Sample Text,
1,160,179,Sample Text,Sample Text,
244,147,177,Sample Text,Sample Text,Black
38,183,234,Sample Text,Sample Text,
224,115,250,Sample Text,Sample Text,
218,16,150,Sample Text,Sample Text,
35,240,1,Sample Text,Sample Text,Black
59,59,5,Sample Text,Sample Text,
184,35,248,Sample Text,Sample Text,
44,130,72,Sample Text,Sample Text,
233,73,144,Sample Text,Sample Text,
22,45,21,Sample Text,Sample Text,
5,83,185,Sample Text,Sample Text,
90,183,72,Sample Text,Sample Text,
238,169,123,Sample Text,Sample Text,Black
0,176,83,Sample Text,Sample Text,
42,104,74,Sample Text,Sample Text,
139,122,86,Sample Text,Sample Text,
128,98,90,Sample Text,Sample Text,
7,174,9,Sample Text,Sample Text,
127,178,19,Sample Text,Sample Text,
30,13,143,Sample Text,Sample Text,
120,173,162,Sample Text,Sample Text,
13,71,30,Sample Text,Sample Text,
68,39,108,Sample Text,Sample Text,
29,219,170,Sample Text,Sample Text,Black
1,158,170,Sample Text,Sample Text,
229,8,14,Sample Text,Sample Text,
15,18,209,Sample Text,Sample Text,
215,244,174,Sample Text,Sample Text,Black
25,3,214,Sample Text,Sample Text,
42,226,225,Sample Text,Sample Text,
148,144,213,Sample Text,Sample Text,Black
3,117,117,Sample Text,Sample Text,
59,223,12,Sample Text,Sample Text,Black
29,66,98,Sample Text,Sample Text,
53,22,8,Sample Text,Sample Text,
229,192,195,Sample Text,Sample Text,Black
15,8,104,Sample Text,Sample Text,
188,174,28,Sample Text,Sample Text,
46,67,51,Sample Text,Sample Text,
111,231,223,Sample Text,Sample Text,Black
63,108,175,Sample Text,Sample Text,
186,237,82,Sample Text,Sample Text,Black
77,120,2,Sample Text,Sample Text,
175,3,124,Sample Text,Sample Text,
93,252,90,Sample Text,Sample Text,Black
251,45,178,Sample Text,Sample Text,
9,145,66,Sample Text,Sample Text,
46,41,16,Sample Text,Sample Text,
20,196,51,Sample Text,Sample Text,
122,145,195,Sample Text,Sample Text,
223,227,39,Sample Text,Sample Text,Black
31,101,63,Sample Text,Sample Text,
126,166,76,Sample Text,Sample Text,
72,123,165,Sample Text,Sample Text,
101,133,225,Sample Text,Sample Text,
80,64,6,Sample Text,Sample Text,
101,197,96,Sample Text,Sample Text,Black
222,82,251,Sample Text,Sample Text,
125,145,110,Sample Text,Sample Text,
206,85,165,Sample Text,Sample Text,
145,58,52,Sample Text,Sample Text,
252,41,21,Sample Text,Sample Text,
130,195,173,Sample Text,Sample Text,Black
96,193,244,Sample Text,Sample Text,Black
129,193,188,Sample Text,Sample Text,Black
177,212,248,Sample Text,Sample Text,Black
31,203,173,Sample Text,Sample Text,Black
76,237,177,Sample Text,Sample Text,Black
250,220,178,Sample Text,Sample Text,Black
174,83,197,Sample Text,Sample Text,
138,48,106,Sample Text,Sample Text,
69,83,50,Sample Text,Sample Text,
141,127,121,Sample Text,Sample Text,Black
109,89,199,Sample Text,Sample Text,
116,99,100,Sample Text,Sample Text,
25,220,111,Sample Text,Sample Text,Black
102,57,181,Sample Text,Sample Text,
132,201,118,Sample Text,Sample Text,Black
229,109,200,Sample Text,Sample Text,
155,130,179,Sample Text,Sample Text,
136,47,84,Sample Text,Sample Text,
70,68,229,Sample Text,Sample Text,
187,44,159,Sample Text,Sample Text,
206,19,246,Sample Text,Sample Text,
205,99,139,Sample Text,Sample Text,
124,101,172,Sample Text,Sample Text,
168,65,167,Sample Text,Sample Text,
127,89,54,Sample Text,Sample Text,
189,113,192,Sample Text,Sample Text,
173,174,77,Sample Text,Sample Text,
69,64,96,Sample Text,Sample Text,
92,199,151,Sample Text,Sample Text,Black
34,3,19,Sample Text,Sample Text,
48,154,122,Sample Text,Sample Text,
8,70,231,Sample Text,Sample Text,
181,144,41,Sample Text,Sample Text,
166,157,64,Sample Text,Sample Text,
108,154,82,Sample Text,Sample Text,
254,137,19,Sample Text,Sample Text,
12,222,253,Sample Text,Sample Text,Black
89,253,164,Sample Text,Sample Text,Black
45,23,149,Sample Text,Sample Text,
198,150,109,Sample Text,Sample Text,
149,151,210,Sample Text,Sample Text,
31,255,129,Sample Text,Sample Text,Black
238,183,55,Sample Text,Sample Text,Black
186,196,17,Sample Text,Sample Text,Black
33,97,20,Sample Text,Sample Text,
125,30,188,Sample Text,Sample Text,
181,38,165,Sample Text,Sample Text,
5,207,210,Sample Text,Sample Text,Black
126,171,96,Sample Text,Sample Text,
53,54,21,Sample Text,Sample Text,
87,123,139,Sample Text,Sample Text,
72,114,9,Sample Text,Sample Text,
121,6,185,Sample Text,Sample Text,
102,79,6,Sample Text,Sample Text,
97,206,54,Sample Text,Sample Text,Black
79,101,227,Sample Text,Sample Text,
55,193,115,Sample Text,Sample Text,
119,16,45,Sample Text,Sample Text,
200,244,168,Sample Text,Sample Text,Black
255,191,3,Sample Text,Sample Text,
162,31,220,Sample Text,Sample Text,
21,161,199,Sample Text,Sample Text,
163,94,69,Sample Text,Sample Text,
165,190,120,Sample Text,Sample Text,Black
69,133,13,Sample Text,Sample Text,
120,160,157,Sample Text,Sample Text,
208,127,37,Sample Text,Sample Text,
101,154,138,Sample Text,Sample Text,
30,167,30,Sample Text,Sample Text,
99,248,12,Sample Text,Sample Text,Black
221,164,81,Sample Text,Sample Text,
244,101,32,Sample Text,Sample Text,
180,248,113,Sample Text,Sample Text,Black
111,5,93,Sample Text,Sample Text,
38,40,147,Sample Text,Sample Text,
127,121,32,Sample Text,Sample Text,
246,125,154,Sample Text,Sample Text,
185,162,237,Sample Text,Sample Text,Black
152,25,145,Sample Text,Sample Text,
161,130,160,Sample Text,Sample Text,
86,238,109,Sample Text,Sample Text,Black
222,124,126,Sample Text,Sample Text,
221,251,189,Sample Text,Sample Text,Black
6,13,112,Sample Text,Sample Text,
113,195,96,Sample Text,Sample Text,
172,141,99,Sample Text,Sample Text,
201,172,52,Sample Text,Sample Text,
102,6,3,Sample Text,Sample Text,
60,132,67,Sample Text,Sample Text,
207,56,226,Sample Text,Sample Text,
156,192,95,Sample Text,Sample Text,
70,183,217,Sample Text,Sample Text,
123,68,74,Sample Text,Sample Text,
101,42,248,Sample Text,Sample Text,
157,231,49,Sample Text,Sample Text,Black
30,92,29,Sample Text,Sample Text,
28,146,103,Sample Text,Sample Text,
126,207,48,Sample Text,Sample Text,Black
25,152,181,Sample Text,Sample Text,
177,28,158,Sample Text,Sample Text,
231,35,214,Sample Text,Sample Text,
239,124,121,Sample Text,Sample Text,
37,154,68,Sample Text,Sample Text,
203,89,139,Sample Text,Sample Text,
162,223,140,Sample Text,Sample Text,Black
202,220,47,Sample Text,Sample Text,Black
57,226,174,Sample Text,Sample Text,Black
59,207,229,Sample Text,Sample Text,Black
152,149,247,Sample Text,Sample Text,Black
72,96,85,Sample Text,Sample Text,
39,22,147,Sample Text,Sample Text,
198,126,219,Sample Text,Sample Text,
233,142,121,Sample Text,Sample Text,
206,14,51,Sample Text,Sample Text,
5,131,9,Sample Text,Sample Text,
51,132,22,Sample Text,Sample Text,
209,217,214,Sample Text,Sample Text,Black
150,137,145,Sample Text,Sample Text,Black
94,26,194,Sample Text,Sample Text,
191,213,232,Sample Text,Sample Text,Black
193,37,86,Sample Text,Sample Text,
180,120,153,Sample Text,Sample Text,
116,63,129,Sample Text,Sample Text,
167,73,145,Sample Text,Sample Text,
184,98,112,Sample Text,Sample Text,
161,142,154,Sample Text,Sample Text,Black
198,103,85,Sample Text,Sample Text,
80,108,213,Sample Text,Sample Text,
93,109,151,Sample Text,Sample Text,
157,78,239,Sample Text,Sample Text,
49,130,184,Sample Text,Sample Text,
225,205,189,Sample Text,Sample Text,Black
22,91,164,Sample Text,Sample Text,
77,38,163,Sample Text,Sample Text,
254,86,47,Sample Text,Sample Text,
141,78,226,Sample Text,Sample Text,
218,88,91,Sample Text,Sample Text,
32,105,64,Sample Text,Sample Text,
163,54,153,Sample Text,Sample Text,
45,121,117,Sample Text,Sample Text,
16,245,228,Sample Text,Sample Text,Black
8,251,12,Sample Text,Sample Text,Black
74,91,54,Sample Text,Sample Text,
43,223,85,Sample Text,Sample Text,Black
2,92,20,Sample Text,Sample Text,
84,60,102,Sample Text,Sample Text,
73,120,128,Sample Text,Sample Text,
74,156,79,Sample Text,Sample Text,Black
105,195,174,Sample Text,Sample Text,Black
196,64,37,Sample Text,Sample Text,
2,207,181,Sample Text,Sample Text,Black
41,131,255,Sample Text,Sample Text,
162,215,104,Sample Text,Sample Text,Black
128,31,95,Sample Text,Sample Text,
64,72,30,Sample Text,Sample Text,
20,74,218,Sample Text,Sample Text,
188,53,202,Sample Text,Sample Text,
172,88,63,Sample Text,Sample Text,
63,216,31,Sample Text,Sample Text,Black
187,159,92,Sample Text,Sample Text,
158,238,155,Sample Text,Sample Text,Black
164,150,85,Sample Text,Sample Text,Black
236,137,76,Sample Text,Sample Text,
146,118,152,Sample Text,Sample Text,
6,245,23,Sample Text,Sample Text,Black
225,201,24,Sample Text,Sample Text,Black
30,233,56,Sample Text,Sample Text,Black
62,116,188,Sample Text,Sample Text,
242,212,79,Sample Text,Sample Text,
108,207,36,Sample Text,Sample Text,
10,168,31,Sample Text,Sample Text,
125,97,212,Sample Text,Sample Text,
106,192,255,Sample Text,Sample Text,
33,62,216,Sample Text,Sample Text,
225,7,32,Sample Text,Sample Text,
81,107,236,Sample Text,Sample Text,
113,53,30,Sample Text,Sample Text,
27,54,98,Sample Text,Sample Text,
145,167,153,Sample Text,Sample Text,
105,198,52,Sample Text,Sample Text,
119,8,60,Sample Text,Sample Text,
154,255,192,Sample Text,Sample Text,Black
32,164,41,Sample Text,Sample Text,
218,193,138,Sample Text,Sample Text,Black
19,86,154,Sample Text,Sample Text,
218,140,11,Sample Text,Sample Text,
161,133,73,Sample Text,Sample Text,
166,219,202,Sample Text,Sample Text,Black
227,31,147,Sample Text,Sample Text,
120,130,142,Sample Text,Sample Text,
158,49,255,Sample Text,Sample Text,
30,218,190,Sample Text,Sample Text,Black
81,16,3,Sample Text,Sample Text,
4,132,162,Sample Text,Sample Text,
16,210,189,Sample Text,Sample Text,Black
171,109,1,Sample Text,Sample Text,
29,198,38,Sample Text,Sample Text,Black
71,97,204,Sample Text,Sample Text,
43,47,64,Sample Text,Sample Text,
203,45,92,Sample Text,Sample Text,
11,232,202,Sample Text,Sample Text,Black
61,152,252,Sample Text,Sample Text,
65,184,42,Sample Text,Sample Text,
249,30,83,Sample Text,Sample Text,
168,230,242,Sample Text,Sample Text,Black
212,8,133,Sample Text,Sample Text,
241,89,76,Sample Text,Sample Text,
245,45,81,Sample Text,Sample Text,
157,188,210,Sample Text,Sample Text,Black
66,156,36,Sample Text,Sample Text,
149,22,30,Sample Text,Sample Text,
252,4,247,Sample Text,Sample Text,
221,31,15,Sample Text,Sample Text,
181,34,177,Sample Text,Sample Text,
156,242,251,Sample Text,Sample Text,Black
202,173,111,Sample Text,Sample Text,Black
230,237,239,Sample Text,Sample Text,Black
31,10,31,Sample Text,Sample Text,
227,224,24,Sample Text,Sample Text,
37,59,171,Sample Text,Sample Text,
126,59,185,Sample Text,Sample Text,
43,83,165,Sample Text,Sample Text,
114,74,214,Sample Text,Sample Text,
230,211,148,Sample Text,Sample Text,Black
31,184,130,Sample Text,Sample Text,
77,149,106,Sample Text,Sample Text,
79,133,144,Sample Text,Sample Text,
30,153,255,Sample Text,Sample Text,
211,52,8,Sample Text,Sample Text,
83,91,225,Sample Text,Sample Text,
254,208,139,Sample Text,Sample Text,Black
11,109,26,Sample Text,Sample Text,
40,48,6,Sample Text,Sample Text,
248,102,135,Sample Text,Sample Text,
70,5,165,Sample Text,Sample Text,
54,106,23,Sample Text,Sample Text,
127,199,238,Sample Text,Sample Text,Black
8,4,92,Sample Text,Sample Text,
254,64,223,Sample Text,Sample Text,
72,195,156,Sample Text,Sample Text,
89,243,0,Sample Text,Sample Text,Black
225,199,195,Sample Text,Sample Text,Black
49,189,81,Sample Text,Sample Text,
17,16,109,Sample Text,Sample Text,
38,223,47,Sample Text,Sample Text,Black
149,225,226,Sample Text,Sample Text,Black
121,198,113,Sample Text,Sample Text,Black
41,137,194,Sample Text,Sample Text,
185,46,33,Sample Text,Sample Text,
189,5,158,Sample Text,Sample Text,
72,53,66,Sample Text,Sample Text,
189,138,20,Sample Text,Sample Text,
6,3,188,Sample Text,Sample Text,
246,162,15,Sample Text,Sample Text,
92,164,242,Sample Text,Sample Text,
242,32,189,Sample Text,Sample Text,
205,133,180,Sample Text,Sample Text,
229,204,5,Sample Text,Sample Text,
250,34,217,Sample Text,Sample Text,
57,80,37,Sample Text,Sample Text,
241,42,245,Sample Text,Sample Text,
192,252,54,Sample Text,Sample Text,Black
140,127,45,Sample Text,Sample Text,
156,49,80,Sample Text,Sample Text,
152,140,118,Sample Text,Sample Text,
101,44,150,Sample Text,Sample Text,
37,151,197,Sample Text,Sample Text,
194,165,57,Sample Text,Sample Text,
215,117,52,Sample Text,Sample Text,
138,41,47,Sample Text,Sample Text,
138,169,212,Sample Text,Sample Text,Black
82,198,172,Sample Text,Sample Text,Black
191,19,163,Sample Text,Sample Text,
41,57,222,Sample Text,Sample Text,
110,136,169,Sample Text,Sample Text,
51,40,138,Sample Text,Sample Text,
188,166,245,Sample Text,Sample Text,Black
125,249,254,Sample Text,Sample Text,Black
217,220,28,Sample Text,Sample Text,Black
52,214,112,Sample Text,Sample Text,Black
4,147,203,Sample Text,Sample Text,
173,40,245,Sample Text,Sample Text,
204,128,149,Sample Text,Sample Text,
85,97,219,Sample Text,Sample Text,
112,63,232,Sample Text,Sample Text,
154,17,10,Sample Text,Sample Text,
124,226,104,Sample Text,Sample Text,
203,137,170,Sample Text,Sample Text,Black
136,75,19,Sample Text,Sample Text,
233,227,35,Sample Text,Sample Text,Black
12,105,123,Sample Text,Sample Text,
9,154,22,Sample Text,Sample Text,
170,105,156,Sample Text,Sample Text,
46,41,18,Sample Text,Sample Text,
44,181,243,Sample Text,Sample Text,
52,188,79,Sample Text,Sample Text,
221,169,167,Sample Text,Sample Text,Black
221,209,104,Sample Text,Sample Text,Black
122,133,188,Sample Text,Sample Text,
170,240,135,Sample Text,Sample Text,Black
197,44,197,Sample Text,Sample Text,